<?xml version="1.0" encoding="UTF-8" standalone="yes"?>
<index>
    <appInfo/>
    <extensionData/>
    <indexes>
        <firstPlayback>
            <firstPlaybackObject xmlns:xsi="http://www.w3.org/2001/XMLSchema-instance" xsi:type="HDMVIndexObject">
                <HDMVName>0x0</HDMVName>
                <playbackType>HDMVPlayback_MOVIE</playbackType>
            </firstPlaybackObject>
        </firstPlayback>
        <topMenu>
            <topMenuObject xmlns:xsi="http://www.w3.org/2001/XMLSchema-instance" xsi:type="HDMVIndexObject">
                <HDMVName>0x0</HDMVName>
                <playbackType>HDMVPlayback_INTERACTIVE</playbackType>
            </topMenuObject>
        </topMenu>
        <titles>
            <title>
                <indexObject xmlns:xsi="http://www.w3.org/2001/XMLSchema-instance" xsi:type="BDJIndexObject">
                    <BDJOName>00000</BDJOName>
                    <playbackType>BDJPlayback_MOVIE</playbackType>
                </indexObject>
                <titleAccessType>V_00</titleAccessType>
            </title>
        </titles>
    </indexes>
    <paddingN1>0</paddingN1>
    <paddingN2>0</paddingN2>
    <paddingN3>0</paddingN3>
    <version>0200</version>
</index>
